{
  "charts": [
    {
      "url": "http://ideg.xunta.es/servizos/rest/services/LimitesAdministrativos/LimitesAdministrativos/MapServer/18",
      "filter": {
        "logicalOperator": "AND",
        "parts": [],
        "expr": "1=1"
      },
      "description": "",
      "symbol": {
        "color": [
          155,
          187,
          89,
          128
        ],
        "outline": {
          "color": [
            115,
            140,
            61,
            255
          ],
          "width": 1.5,
          "type": "esriSLS",
          "style": "esriSLSSolid"
        },
        "type": "esriSFS",
        "style": "esriSFSSolid"
      },
      "webMapLayerId": null,
      "mode": "feature",
      "name": "Parroquias",
      "highLightColor": "#ff0000",
      "types": [
        {
          "type": "column",
          "display": {
            "colors": [
              "#5d9cd3"
            ],
            "showHorizontalAxis": true,
            "showVerticalAxis": true,
            "showLegend": false
          }
        }
      ],
      "labelField": "PARROQUIA",
      "valueFields": [
        "SHAPE_LENG"
      ],
      "sortOrder": {
        "isLabelAxis": true,
        "isAsc": true
      }
    }
  ]
}
